{
  "train_loss": [
    0.11291496983116876,
    0.09398719207709837,
    0.09693400110915332,
    0.11446170437245735,
    0.10309646730782313,
    0.09950207638534345,
    0.1093205006390897,
    0.09169229909873673,
    0.09793339638901939,
    0.09550582617023011,
    0.09897001681157211,
    0.09584596456963468,
    0.09605655110267204,
    0.093130087479949
  ],
  "val_loss": [
    0.10899174717608197,
    0.09513268608535672,
    0.0806893185423366,
    0.09479936878678613,
    0.10469476914771929,
    0.07449068031916074,
    0.07734896432897397,
    0.07734266836356757,
    0.11163136065969693,
    0.08967553575298395,
    0.1108619636888134,
    0.080956330924327,
    0.09815885954745242,
    0.10463142720982432
  ],
  "val_fid": [
    397.7287902832031,
    246.51016235351562,
    300.5817565917969
  ],
  "val_ssim": [
    0.4124624973535538,
    0.8030133056640625,
    0.8226481628417969
  ],
  "val_lpips": [
    0.9531101226806641,
    0.5700866198539734,
    0.49697177052497865
  ],
  "val_is": [
    3.6057839393615723,
    4.40133810043335,
    2.6811320781707764
  ],
  "learning_rate": [
    1.999999899305446e-06,
    1.9999742223044844e-06,
    1.9999032340925987e-06,
    1.9997869378864342e-06,
    1.9996253389556485e-06,
    1.9994184446226733e-06,
    1.999166264262383e-06,
    1.9988688093016702e-06,
    1.9985260932189264e-06,
    1.9981381315434325e-06,
    1.997704941854655e-06,
    1.9972265437814497e-06,
    1.9967029590011707e-06,
    1.996134211238691e-06
  ],
  "epoch": [
    0,
    1,
    2,
    3,
    4,
    5,
    6,
    7,
    8,
    9,
    10,
    11,
    12,
    13
  ]
}