{
  "train_loss": [
    19.139701298304967,
    22.423366819109237,
    22.72549479348319
  ],
  "val_loss": [
    0.8343360424041748,
    0.38788729906082153,
    0.34887194633483887
  ],
  "val_fid": [
    425.4871520996094,
    392.1756286621094,
    379.69012451171875
  ],
  "val_ssim": [
    0.11470586992800236,
    0.06314198207110167,
    0.07244721613824368
  ],
  "val_lpips": [
    0.31538210809230804,
    0.31843358278274536,
    0.2959630638360977
  ],
  "val_is": [
    1.0,
    1.0,
    1.0
  ],
  "learning_rate": [
    9.527241187465734e-05,
    7.604701702439651e-05,
    4.817389884711705e-05
  ],
  "epoch": [
    0,
    1,
    2
  ]
}