{
  "train_loss": [
    1.162025275993662,
    1.1111783044959846,
    1.1210176633922968,
    1.1113888204294462,
    1.1180765973065947,
    1.1102802419032987,
    1.103521966894861,
    1.1105079251547458,
    1.0898722862646524,
    1.1005884007652207,
    1.106933093110327,
    1.0898002035940442,
    1.108492386223066,
    1.0857793883521958,
    1.0929551484561202,
    1.1070425718924393,
    1.102077099356321,
    1.1024212003147642,
    1.0851462741102715,
    1.093261158702397,
    1.09719049281413,
    1.0882811007326585,
    1.0835420804055218,
    1.0869811305118473,
    1.090823973562851,
    1.0964888296898443,
    1.0767725769049263,
    1.0946677163882617,
    1.0833363055002572,
    1.1066067917118765,
    1.0921019268508005,
    1.0951044990284609,
    1.0872597145562124
  ],
  "val_loss": [
    0.12672785041784798,
    0.1230282621389186,
    0.11274810554459691,
    0.12204049865680712,
    0.1288322608710991,
    0.1262694874226495,
    0.11402502193771026,
    0.10439788067230472,
    0.11912919753403575,
    0.11973751838215524,
    0.13252740812108474,
    0.11610031393529088,
    0.10973144091527771,
    0.11706731599514131,
    0.12966878384489705,
    0.1273710958107754,
    0.1251562913465831,
    0.12080988005079606,
    0.11690577809457425,
    0.12954937066468927,
    0.10287109132925118,
    0.1213106898314975,
    0.12410837812004266,
    0.11693445686250925,
    0.1283460954135215,
    0.11905323589841525,
    0.12403628478447597,
    0.11388909720160344,
    0.1400514945939735,
    0.13629064477842162,
    0.12857700146182818,
    0.1265770589104957,
    0.11572258957420234
  ],
  "val_fid": [
    362.063720703125,
    348.0767517089844,
    323.9833068847656,
    301.5931701660156
  ],
  "val_ssim": [
    0.39130099236965177,
    0.44573732271790506,
    0.4232007107138634,
    0.5048538845777512
  ],
  "val_lpips": [
    0.7715759575366974,
    0.7498083961009979,
    0.7473312306404114,
    0.7129097175598145
  ],
  "val_is": [
    2.650578022003174,
    2.8628146648406982,
    2.6459615230560303,
    2.616403579711914
  ],
  "learning_rate": [
    9.999995097920325e-05,
    9.999784545360038e-05,
    9.999263287174328e-05,
    9.998431355756159e-05,
    9.997288802804911e-05,
    9.995835699323172e-05,
    9.994072135612319e-05,
    9.991998221266904e-05,
    9.989614085167858e-05,
    9.986919875474456e-05,
    9.983915759615141e-05,
    9.980601924277095e-05,
    9.976978575394647e-05,
    9.973045938136478e-05,
    9.96880425689162e-05,
    9.964253795254279e-05,
    9.959394836007445e-05,
    9.954227681105324e-05,
    9.94875265165457e-05,
    9.942970087894337e-05,
    9.936880349175126e-05,
    9.930483813936462e-05,
    9.923780879683366e-05,
    9.916771962961669e-05,
    9.909457499332105e-05,
    9.901837943343262e-05,
    9.893913768503328e-05,
    9.88568546725066e-05,
    9.87715355092319e-05,
    9.868318549726645e-05,
    9.859181012701597e-05,
    9.84974150768935e-05,
    9.840000621296637e-05
  ],
  "epoch": [
    0,
    1,
    2,
    3,
    4,
    5,
    6,
    7,
    8,
    9,
    10,
    11,
    12,
    13,
    14,
    15,
    16,
    17,
    18,
    19,
    20,
    21,
    22,
    23,
    24,
    25,
    26,
    27,
    28,
    29,
    30,
    31,
    32
  ]
}