config,modalities,accuracy,f1_macro,f1_weighted,I_f1,P_f1,R_f1,kappa
metadata+thermal_map,metadata+thermal_map,0.47386172006745364,0.3333663583785882,0.45792204755989946,0.24253075571177504,0.626984126984127,0.13058419243986255,0.029349251203205307
