config,modalities,accuracy,f1_macro,f1_weighted,I_f1,P_f1,R_f1,kappa
metadata+thermal_map,metadata+thermal_map,0.5466531440162272,0.44786192880338777,0.5337184686322796,0.35514018691588783,0.6623586429725363,0.32608695652173914,0.08047125228343599
