config,modalities,accuracy,f1_macro,f1_weighted,I_f1,P_f1,R_f1,kappa
metadata+thermal_map,metadata+thermal_map,0.42780748663101603,0.3449650542242326,0.4356435080244948,0.2901353965183752,0.5360641139804097,0.20869565217391303,0.17970110129378847
