fold,kappa,accuracy,f1_macro,f1_I,f1_P,f1_R
1,0.3365158371040724,0.638477801268499,0.49801799350245696,0.4028776978417266,0.7507507507507507,0.3404255319148936
2,0.5136176320008057,0.6934306569343066,0.6195191505832137,0.618421052631579,0.7729831144465291,0.46715328467153283
3,0.6100238290558225,0.7014925373134329,0.6603251342136697,0.7080745341614907,0.730844793713163,0.5420560747663551
4,0.4291625494071146,0.6677215189873418,0.5477573406985172,0.5692307692307692,0.7623529411764706,0.3116883116883117
5,0.333742563037114,0.7421686746987952,0.5179281598656623,0.47368421052631576,0.8412942989214176,0.23880597014925373
