fold,kappa,accuracy,f1_macro,f1_I,f1_P,f1_R
1,0.24316813339509036,0.5623678646934461,0.42689611203307926,0.25301204819277107,0.6894409937888198,0.3382352941176471
2,0.3263822293515596,0.5936739659367397,0.4769742244746606,0.5234899328859061,0.7058823529411765,0.20155038759689922
3,0.432430415242807,0.579957356076759,0.5142877485248523,0.6013071895424836,0.6326129666011788,0.3089430894308943
4,0.1975221654629794,0.5189873417721519,0.3838852601416904,0.34375,0.6506024096385542,0.15730337078651685
5,0.13331012878524195,0.5373493975903615,0.3595010016390457,0.23684210526315788,0.6816608996539792,0.16
