fold,kappa,accuracy,f1_macro,f1_I,f1_P,f1_R
1,0.272907523336378,0.5940803382663847,0.44449452250823707,0.31788079470198677,0.7170953101361573,0.29850746268656714
2,0.41439720216314235,0.6155717761557178,0.5368354238247023,0.5751633986928104,0.7088122605363985,0.32653061224489793
3,0.45847766231459275,0.6076759061833689,0.53670166858458,0.6265822784810127,0.65625,0.32727272727272727
4,0.28974063230118585,0.5474683544303798,0.41736789784660183,0.417910447761194,0.6634615384615384,0.17073170731707318
5,0.23699031837646622,0.6481927710843374,0.43513805374397235,0.3559322033898305,0.7717041800643086,0.17777777777777778
