fold,kappa,accuracy,f1_macro,f1_I,f1_P,f1_R
1,0.26873892967206225,0.6997885835095138,0.46194034241336707,0.4,0.8119079837618404,0.17391304347826086
2,0.47055352875812495,0.6885644768856448,0.5766063197909242,0.672,0.7791304347826087,0.2786885245901639
3,0.5989566416322527,0.7313432835820896,0.6536014841571904,0.6971830985915493,0.782608695652174,0.4810126582278481
4,0.32595344047662833,0.680379746835443,0.5042477478383944,0.4642857142857143,0.7903930131004366,0.25806451612903225
5,0.3789115646258502,0.7879518072289157,0.500240396910644,0.5473684210526316,0.8717201166180758,0.08163265306122448
