fold,kappa,accuracy,f1_macro,f1_I,f1_P,f1_R
1,0.32256845620813857,0.5602536997885835,0.4724823658241552,0.3687150837988827,0.667779632721202,0.38095238095238093
2,0.4200443483640459,0.5644768856447688,0.5301863424534978,0.5786163522012578,0.6369426751592356,0.375
3,0.48795992082117423,0.6268656716417911,0.5576092132505175,0.704,0.6383928571428571,0.33043478260869563
4,0.345679012345679,0.5443037974683544,0.47248439428928296,0.368,0.6426735218508998,0.4067796610169492
5,0.27428245580688093,0.5855421686746988,0.4380604234103509,0.3548387096774194,0.7093425605536332,0.25
