fold,kappa,accuracy,f1_macro,f1_I,f1_P,f1_R
1,0.32045579784302924,0.6976744186046512,0.4720037984618182,0.4496124031007752,0.8054794520547945,0.16091954022988506
2,0.47781509459978533,0.7007299270072993,0.5950344250446955,0.6333333333333333,0.7895652173913044,0.36220472440944884
3,0.45461526647212414,0.6673773987206824,0.592739466207202,0.4918032786885246,0.7512038523274478,0.5352112676056338
4,0.33806586756662393,0.6867088607594937,0.5142326272761055,0.4,0.7948717948717948,0.34782608695652173
5,0.3414161932269021,0.7590361445783133,0.49277787739326206,0.4444444444444444,0.8520710059171598,0.18181818181818182
