fold,kappa,accuracy,f1_macro,f1_I,f1_P,f1_R
1,0.39449364313897417,0.6913319238900634,0.5197786814634641,0.4782608695652174,0.7926136363636364,0.28846153846153844
2,0.5401459854014599,0.7153284671532847,0.641423211702186,0.706766917293233,0.791970802919708,0.425531914893617
3,0.6459682220162879,0.7377398720682303,0.6888552276486463,0.72,0.7751371115173674,0.5714285714285714
4,0.37936019106278673,0.6518987341772152,0.5310165444311785,0.4878048780487805,0.7552447552447552,0.35
5,0.39598883710993305,0.7518072289156627,0.5526591176476962,0.5098039215686274,0.8443759630200308,0.3037974683544304
