fold,kappa,accuracy,f1_macro,f1_I,f1_P,f1_R
1,0.38571956893808423,0.6871035940803383,0.5175942450385512,0.4689655172413793,0.7896995708154506,0.29411764705882354
2,0.469981372689497,0.6642335766423357,0.5801914983164983,0.640625,0.7527272727272727,0.3472222222222222
3,0.48994018488308866,0.6652452025586354,0.5850022992880136,0.5787545787545788,0.7346938775510204,0.44155844155844154
4,0.296279112925675,0.5917721518987342,0.46516439254836855,0.3770491803278688,0.7089201877934272,0.30952380952380953
5,0.23496803378351883,0.689156626506024,0.45167035806570693,0.3238095238095238,0.8062015503875969,0.225
