fold,kappa,accuracy,f1_macro,f1_I,f1_P,f1_R
1,0.3582927660932841,0.6173361522198731,0.4863337952807991,0.41379310344827586,0.7258805513016845,0.31932773109243695
2,0.41030829225222565,0.6423357664233577,0.5340761116204977,0.5037037037037037,0.7419354838709677,0.35658914728682173
3,0.37125487139516755,0.5991471215351812,0.4937129151311841,0.5415162454873647,0.6843033509700176,0.2553191489361702
4,0.2675496688741722,0.5822784810126582,0.44429517330280693,0.3511450381679389,0.703962703962704,0.2777777777777778
5,0.2246818710564349,0.6674698795180722,0.45772503987240826,0.3090909090909091,0.7904,0.2736842105263158
