fold,kappa,accuracy,f1_macro,f1_I,f1_P,f1_R
1,0.31300974029271666,0.7040169133192389,0.48052094897413755,0.38016528925619836,0.8113975576662144,0.25
2,0.43332510186442774,0.6739659367396593,0.5435088201064429,0.5833333333333334,0.7713310580204779,0.27586206896551724
3,0.47051671732522793,0.673773987206823,0.6021287692349923,0.5179282868525896,0.7532467532467533,0.5352112676056338
4,0.31033683559950553,0.6613924050632911,0.4873430954801405,0.32323232323232326,0.7751605995717344,0.36363636363636365
5,0.18821735753531044,0.6939759036144578,0.397843983526041,0.3486238532110092,0.8121212121212121,0.03278688524590164
