config,modalities,accuracy,f1_macro,f1_weighted,I_f1,P_f1,R_f1,kappa
metadata,metadata,0.4320855614973262,0.3499796492056528,0.44040863321407625,0.30326295585412666,0.5379803395889187,0.20869565217391303,0.18844305218304125
