config,modalities,accuracy,f1_macro,f1_weighted,I_f1,P_f1,R_f1,kappa
metadata,metadata,0.537525354969574,0.44150800505970533,0.5251246586037,0.34418604651162793,0.654251012145749,0.32608695652173914,0.06702656736288504
