config,modalities,accuracy,f1_macro,f1_weighted,I_f1,P_f1,R_f1,kappa
metadata,metadata,0.4688026981450253,0.32175665516103796,0.4509102710589386,0.23550087873462214,0.6245059288537549,0.10526315789473684,0.013562412975885785
