config,modalities,accuracy,f1_macro,f1_weighted,I_f1,P_f1,R_f1,kappa
thermal_map,thermal_map,0.41886409736308317,0.34436636455891273,0.45294020027973547,0.39814814814814814,0.5219941348973607,0.11295681063122924,0.09565420404896108
