config,modalities,accuracy,f1_macro,f1_weighted,I_f1,P_f1,R_f1,kappa
thermal_map,thermal_map,0.45531197301854975,0.41352939111858616,0.47521879062022143,0.32582322357019067,0.5681444991789819,0.3466204506065858,0.14506046335654021
