config,modalities,accuracy,f1_macro,f1_weighted,I_f1,P_f1,R_f1,kappa
thermal_map,thermal_map,0.46524064171123,0.3964052489121869,0.47691569666298944,0.3475177304964539,0.5661424606845513,0.27555555555555555,0.1852468483613241
