config,modalities,accuracy,f1_macro,f1_weighted,I_f1,P_f1,R_f1,kappa
metadata,metadata,0.5882352941176471,0.28337147215865754,0.5326423475568717,0.08695652173913043,0.7631578947368421,0.0,-0.3563829787234043
