{
  "timestamp": "2026-02-19T07:17:00.855386",
  "phase1_n_runs": 3,
  "phase2_n_evaluations": 20,
  "best_thresholds": {
    "P": 16,
    "I": 18,
    "R": 26
  },
  "best_score": 0.23913207533435837,
  "phase1_baseline": {
    "modality": "metadata+depth_rgb+thermal_rgb+thermal_map",
    "accuracy": 0.5756448412698413,
    "accuracy_std": 0.0310876198210002,
    "macro_f1": 0.5371867811639705,
    "macro_f1_std": 0.0313818596303716,
    "weighted_f1": 0.576022121636773,
    "weighted_f1_std": 0.0291517862854655,
    "kappa": 0.3612504060725328,
    "kappa_std": 0.0477749482066033,
    "f1_I": 0.4461602789740269,
    "f1_P": 0.642795010863685,
    "f1_R": 0.5226050536541995,
    "min_f1": 0.4461602789740269,
    "best_overall": true
  },
  "optimization_history": [
    {
      "evaluation": 1,
      "thresholds": {
        "I": 11,
        "P": 23,
        "R": 28
      },
      "metrics": {
        "accuracy": 0.7660666666666667,
        "macro_f1": 0.6731333333333334,
        "weighted_f1": 0.7166666666666667,
        "kappa": 0.5649666666666667,
        "f1_per_class": {
          "I": 0.7266666666666667,
          "P": 0.77,
          "R": 0.43
        },
        "min_f1": 0.43
      },
      "score": 0.1239085121108201,
      "filtered_size": 483,
      "rejected": false,
      "reconstructed_from_log": true
    },
    {
      "evaluation": 2,
      "thresholds": {
        "I": 16,
        "P": 18,
        "R": 27
      },
      "metrics": {
        "accuracy": 0.6688000000000001,
        "macro_f1": 0.6386333333333334,
        "weighted_f1": 0.6900000000000001,
        "kappa": 0.5196999999999999,
        "f1_per_class": {
          "I": 0.6833333333333332,
          "P": 0.7266666666666666,
          "R": 0.5333333333333333
        },
        "min_f1": 0.5333333333333333
      },
      "score": 0.1680915957032567,
      "filtered_size": 433,
      "rejected": false,
      "reconstructed_from_log": true
    },
    {
      "evaluation": 3,
      "thresholds": {
        "I": 14,
        "P": 15,
        "R": 27
      },
      "metrics": {
        "accuracy": 0.6728666666666667,
        "macro_f1": 0.6421333333333333,
        "weighted_f1": 0.6766666666666666,
        "kappa": 0.518,
        "f1_per_class": {
          "I": 0.6533333333333333,
          "P": 0.6999999999999998,
          "R": 0.5533333333333333
        },
        "min_f1": 0.5533333333333333
      },
      "score": 0.17026196607362712,
      "filtered_size": 403,
      "rejected": false,
      "reconstructed_from_log": true
    },
    {
      "evaluation": 4,
      "thresholds": {
        "P": 4,
        "I": 28,
        "R": 27
      },
      "metrics": {
        "f1_per_class": {
          "I": 0.7663581138962515,
          "P": 0.5827449433523985,
          "R": 0.6065649962787106
        },
        "macro_f1": 0.651889351175787,
        "weighted_f1": 0.6861288819409572,
        "kappa": 0.4844085739309994,
        "accuracy": 0.6914977477477477
      },
      "score": 0.1657688654736219,
      "filtered_size": 349,
      "rejected": false
    },
    {
      "evaluation": 5,
      "thresholds": {
        "P": 4,
        "I": 7,
        "R": 27
      },
      "metrics": {
        "f1_per_class": {
          "I": 0.8232936922592096,
          "P": 0.7770646888962697,
          "R": 0.774532709348207
        },
        "macro_f1": 0.7916303635012287,
        "weighted_f1": 0.790269780374769,
        "kappa": 0.7200279864542029,
        "accuracy": 0.7913157894736842
      },
      "score": -7.6651542752367146,
      "filtered_size": 221,
      "rejected": false
    },
    {
      "evaluation": 6,
      "thresholds": {
        "P": 28,
        "I": 14,
        "R": 27
      },
      "metrics": {
        "f1_per_class": {
          "I": 0.5218740631483013,
          "P": 0.7354196882753001,
          "R": 0.4992371791483889
        },
        "macro_f1": 0.5855103101906635,
        "weighted_f1": 0.6707863380507971,
        "kappa": 0.4752303815446991,
        "accuracy": 0.6553056318681318
      },
      "score": 0.10224026970808389,
      "filtered_size": 556,
      "rejected": false
    },
    {
      "evaluation": 7,
      "thresholds": {
        "P": 16,
        "I": 28,
        "R": 28
      },
      "metrics": {
        "f1_per_class": {
          "I": 0.6598727861530392,
          "P": 0.6775542005420053,
          "R": 0.4894645363622276
        },
        "macro_f1": 0.6089638410190906,
        "weighted_f1": 0.6480597365876278,
        "kappa": 0.4377908089533456,
        "accuracy": 0.6496728098290597
      },
      "score": 0.128918209124164,
      "filtered_size": 505,
      "rejected": false
    },
    {
      "evaluation": 8,
      "thresholds": {
        "P": 25,
        "I": 16,
        "R": 26
      },
      "metrics": {
        "f1_per_class": {
          "I": 0.6130166348563885,
          "P": 0.7344846214353965,
          "R": 0.487942856363909
        },
        "macro_f1": 0.6118147042185647,
        "weighted_f1": 0.6857123544864406,
        "kappa": 0.5337817900726001,
        "accuracy": 0.6767733134920634
      },
      "score": 0.15485668540590086,
      "filtered_size": 520,
      "rejected": false
    },
    {
      "evaluation": 9,
      "thresholds": {
        "P": 16,
        "I": 16,
        "R": 26
      },
      "metrics": {
        "f1_per_class": {
          "I": 0.6589221264587732,
          "P": 0.7072013889045891,
          "R": 0.5769803535605827
        },
        "macro_f1": 0.647701289641315,
        "weighted_f1": 0.6783815569492408,
        "kappa": 0.5476530424820455,
        "accuracy": 0.6711460559116809
      },
      "score": 0.18887861129726738,
      "filtered_size": 417,
      "rejected": false
    },
    {
      "evaluation": 10,
      "thresholds": {
        "P": 14,
        "I": 28,
        "R": 26
      },
      "metrics": {
        "f1_per_class": {
          "I": 0.6668,
          "P": 0.6427,
          "R": 0.5543
        },
        "macro_f1": 0.6213,
        "weighted_f1": 0.6447,
        "kappa": 0.4555,
        "accuracy": 0.6456
      },
      "score": 0.1584,
      "filtered_size": 473,
      "rejected": false
    },
    {
      "evaluation": 11,
      "thresholds": {
        "P": 19,
        "I": 12,
        "R": 26
      },
      "metrics": {
        "f1_per_class": {
          "I": 0.6431490211239403,
          "P": 0.7131577471294821,
          "R": 0.5872737789186718
        },
        "macro_f1": 0.6478601823906981,
        "weighted_f1": 0.6793912201242572,
        "kappa": 0.5209786747686782,
        "accuracy": 0.6780243844696969
      },
      "score": 0.18612526437690796,
      "filtered_size": 422,
      "rejected": false
    },
    {
      "evaluation": 12,
      "thresholds": {
        "P": 14,
        "I": 12,
        "R": 26
      },
      "score": -6.064814814814813,
      "filtered_size": 375,
      "rejected": true,
      "rejection_reason": "Below 60% retention floor"
    },
    {
      "evaluation": 13,
      "thresholds": {
        "P": 17,
        "I": 16,
        "R": 26
      },
      "metrics": {
        "f1_per_class": {
          "I": 0.6263751859424853,
          "P": 0.7258550416445153,
          "R": 0.6387726638772664
        },
        "macro_f1": 0.663667630488089,
        "weighted_f1": 0.6913561292533896,
        "kappa": 0.5478522960799546,
        "accuracy": 0.6834542410714286
      },
      "score": 0.20979805667064927,
      "filtered_size": 420,
      "rejected": false
    },
    {
      "evaluation": 14,
      "thresholds": {
        "P": 22,
        "I": 12,
        "R": 26
      },
      "metrics": {
        "f1_per_class": {
          "I": 0.6702572616473154,
          "P": 0.7968474567514651,
          "R": 0.4978232775143198
        },
        "macro_f1": 0.6549759986377001,
        "weighted_f1": 0.732734299047805,
        "kappa": 0.5532431239133714,
        "accuracy": 0.7286537247474748
      },
      "score": 0.17489075715026942,
      "filtered_size": 463,