Modality,Mean_Confidence,Conf_When_Correct,Conf_When_Wrong,Conf_Separation,Mean_Entropy,ECE,Accuracy
metadata,0.5427343,0.56254107,0.49509454,0.06744653,0.9410146,0.16359963968768002,0.7063339731285988
depth_rgb,0.59120303,0.5985424,0.57880664,0.019735754,0.8325043,0.06975081560135804,0.6281190019193857
thermal_map,0.5649852,0.55650955,0.5768589,-0.020349324,0.86376673,0.11411336257395953,0.5834932821497121
depth_map,0.46176094,0.46029902,0.46298096,-0.0026819408,1.0295794,0.06088598687451999,0.45489443378119004
metadata+depth_rgb,0.6102979,0.62632686,0.5689309,0.057395935,0.7954889,0.11186530192216387,0.7207293666026872
metadata+thermal_map,0.58705413,0.59605235,0.5665212,0.029531121,0.8212115,0.10982146913511052,0.6952975047984645
metadata+depth_rgb+thermal_map,0.65776837,0.66585106,0.6380095,0.027841568,0.7300861,0.07713829688799359,0.7096928982725528
depth_rgb+thermal_map,0.6591163,0.6686308,0.6372074,0.03142339,0.72282743,0.06753459391175212,0.6972168905950096
metadata+depth_rgb+depth_map+thermal_map,0.68418694,0.6972917,0.65052754,0.046764135,0.6798138,0.05796699859416416,0.7197696737044146
