Pair,Q-statistic,Q_std,Disagreement,Error_Overlap,Error_Kappa,P(A_wrong|B_correct),P(B_wrong|A_correct)
metadata vs depth_rgb,-0.25974781880827286,0.16335211499431693,0.4985019975504203,0.14455900754383905,-0.10168603460302386,0.3306012989874726,0.4063803872453288
metadata vs thermal_map,-0.13908378919256859,0.17576037684139967,0.49322498285756533,0.18114144929780254,-0.057642996619888386,0.31722801706057924,0.44056196731448527
metadata vs depth_map,-0.12206468456899486,0.07891253117069064,0.5407719336149007,0.20933593899574596,-0.047055619215289245,0.31859611894923534,0.5561518598102494
depth_rgb vs thermal_map,0.15000095047829348,0.12777154500584353,0.4415631162713969,0.2835112460102982,0.07330346507309426,0.3440986699128225,0.3926540477605721
depth_rgb vs depth_map,0.10274277306339083,0.10935489154149122,0.4844741077274658,0.3027313925447492,0.043695109399784424,0.3449965496096809,0.5208319501537545
thermal_map vs depth_map,0.1203403594988022,0.03358676818685017,0.4780356669050926,0.3327898740147314,0.05518906283592697,0.390635371155985,0.5155492867697904
