Modality,Kappa,Accuracy,F1_I,F1_P,F1_R,Acc_I,Acc_P,Acc_R,Hardest_Class
metadata,0.408613947052872,0.7063339731285988,0.5480349344978166,0.7906306306306307,0.519916142557652,0.6243781094527363,0.7649930264993027,0.5,R
depth_rgb,0.3542023032958035,0.6281190019193857,0.5961342828077314,0.6930533117932148,0.44569816643159377,0.7288557213930348,0.5983263598326359,0.6370967741935484,R
thermal_map,0.3113896140777235,0.5834932821497121,0.5599232981783318,0.6350550381033023,0.45609436435124506,0.7263681592039801,0.5230125523012552,0.7016129032258065,R
depth_map,0.10587126247854783,0.45489443378119004,0.41379310344827586,0.5537933990570082,0.19318181818181818,0.582089552238806,0.4504881450488145,0.27419354838709675,R
metadata+depth_rgb,0.47654371285188746,0.7207293666026872,0.6766275346851655,0.782707622298066,0.5151515151515151,0.7885572139303483,0.7196652719665272,0.6169354838709677,R
metadata+thermal_map,0.4530251552050526,0.6952975047984645,0.6459893048128342,0.7549980399843199,0.5395894428152492,0.7512437810945274,0.6715481171548117,0.7419354838709677,R
metadata+depth_rgb+thermal_map,0.4785544010336106,0.7096928982725528,0.6889128094725512,0.7653740697218958,0.5306122448979592,0.7960199004975125,0.6813110181311018,0.7338709677419355,R
depth_rgb+thermal_map,0.4369414926186037,0.6972168905950096,0.6329670329670329,0.7619047619047619,0.5213270142180095,0.7164179104477612,0.697350069735007,0.6653225806451613,R
metadata+depth_rgb+depth_map+thermal_map,0.47526123630869954,0.7197696737044146,0.6631689401888772,0.7793391568552981,0.5429553264604811,0.7860696517412935,0.7154811715481172,0.6370967741935484,R
