Pair,Mean_K1,Mean_K2,Diff,t_stat,t_p,McNemar_chi2,McNemar_p,Significant_t,Significant_McNemar
metadata vs metadata+depth_rgb+thermal_map,0.3947955253295972,0.442865148695372,0.048069623365774805,-0.8384130867400503,0.44897731184480655,0.041811846689895474,0.8379788469351117,False,False
metadata vs depth_rgb,0.3947955253295972,0.32158881966780617,-0.07320670566179105,1.0695829283991916,0.3450563053460249,25.21037463976945,5.140492824740051e-07,False,True
metadata vs thermal_map,0.3947955253295972,0.2793694530152774,-0.11542607231431984,1.830915049347616,0.14107764439164489,63.87524557956778,1.3322676295501878e-15,False,True
depth_rgb vs thermal_map,0.32158881966780617,0.2793694530152774,-0.04221936665252879,1.8928806047439957,0.1313131488478959,9.27053669222344,0.0023286945710974116,False,True
metadata+depth_rgb vs metadata+depth_rgb+thermal_map,0.44323977592720387,0.442865148695372,-0.00037462723183184776,0.015511182398462407,0.9883671962800358,1.0189473684210526,0.31276882648865223,False,False
metadata+thermal_map vs metadata+depth_rgb+thermal_map,0.424267254161224,0.442865148695372,0.018597894534148007,-0.7458175790007525,0.49722083353838364,1.5017857142857143,0.2203968049308438,False,False
