fold,accuracy,kappa,macro_f1,f1_I,f1_P,f1_R
1,0.5487179487179488,0.2272358821940016,0.4718746551914377,0.5263157894736842,0.6226415094339622,0.26666666666666666
2,0.6122448979591837,0.3060007454342154,0.5498490818183913,0.5225225225225225,0.6956521739130435,0.43137254901960786
3,0.5491329479768786,0.22103561738728872,0.49339910541412424,0.5042016806722689,0.6170212765957447,0.358974358974359
4,0.5833333333333334,0.27125506072874495,0.5236286919831223,0.5,0.6708860759493671,0.4
5,0.5,0.0748519718467211,0.4183333333333333,0.28,0.625,0.35
