method,accuracy,kappa,macro_f1,f1_I,f1_P,f1_R
baseline,0.5393258426966292,0.10321946424182848,0.3219047619047619,0.2857142857142857,0.68,0.0
smote,0.5730337078651685,0.25027710042119256,0.5196647324306899,0.42424242424242425,0.6666666666666666,0.46808510638297873
tuned_rf,0.6123595505617978,0.3349577647823263,0.5616246498599439,0.5142857142857142,0.7,0.47058823529411764
ensemble,0.5561797752808989,0.14046454767726158,0.3607415421843734,0.325,0.6882591093117408,0.06896551724137931
