{
  "thresholds": {
    "P": 47,
    "I": 50,
    "R": 60
  },
  "score": 0.16371439020821815,
  "metrics": {
    "f1_per_class": {
      "I": 0.6408531702246532,
      "P": 0.6095073603564489,
      "R": 0.5515276866994769
    },
    "macro_f1": 0.600629405760193,
    "weighted_f1": 0.6176094033772948,
    "kappa": 0.5041303186557948,
    "accuracy": 0.6201517553270561
  },
  "phase1_baseline_modality": "metadata",
  "production_config_settings": "USE_CORE_DATA = True, THRESHOLD_I = 50, THRESHOLD_P = 47, THRESHOLD_R = 60",
  "command": "python src/main.py --mode search --cv_folds 5 --device-mode multi",
  "timestamp": "2026-03-10T19:49:54.007648"
}