{
  "thresholds": {
    "P": 16,
    "I": 18,
    "R": 26
  },
  "score": 0.23913207533435837,
  "metrics": {
    "f1_per_class": {
      "I": 0.7524188663416935,
      "P": 0.7613996746334273,
      "R": 0.5932052353104985
    },
    "macro_f1": 0.702341258761873,
    "weighted_f1": 0.7430150183343033,
    "kappa": 0.64344182450247,
    "accuracy": 0.7394255050505051
  },
  "phase1_baseline_modality": "metadata+depth_rgb+thermal_rgb+thermal_map",
  "command": "python src/main.py --mode search --cv_folds 5 --threshold_I 18 --threshold_P 16 --threshold_R 26 --device-mode multi",
  "timestamp": "2026-02-19T07:17:00.856989"
}