{
  "thresholds": {
    "I": 14,
    "P": 15,
    "R": 27
  },
  "score": 0.17026196607362712,
  "metrics": {
    "accuracy": 0.6728666666666667,
    "macro_f1": 0.6421333333333333,
    "weighted_f1": 0.6766666666666666,
    "kappa": 0.518,
    "f1_per_class": {
      "I": 0.6533333333333333,
      "P": 0.6999999999999998,
      "R": 0.5533333333333333
    },
    "min_f1": 0.5533333333333333
  },
  "phase1_baseline_modality": "metadata+depth_rgb+thermal_rgb+thermal_map",
  "command": "python src/main.py --mode search --cv_folds 5 --threshold_I 14 --threshold_P 15 --threshold_R 27 --device-mode multi",
  "timestamp": "2026-02-17T18:51:39.150989"
}