{
  "thresholds": {
    "P": 15,
    "I": 13,
    "R": 11
  },
  "score": -0.10487568402139787,
  "metrics": {
    "f1_per_class": {
      "I": 0.3807600096119598,
      "P": 0.6954911420047081,
      "R": 0.3574131347842688
    },
    "macro_f1": 0.4778880954669789,
    "weighted_f1": 0.5563843285241498,
    "kappa": 0.2741536825663164,
    "accuracy": 0.5815036143203139
  },
  "phase1_baseline_modality": "metadata+depth_rgb+thermal_rgb+thermal_map",
  "production_config_settings": "USE_CORE_DATA = True, THRESHOLD_I = 13, THRESHOLD_P = 15, THRESHOLD_R = 11",
  "command": "python src/main.py --mode search --cv_folds 5 --device-mode multi",
  "timestamp": "2026-03-02T07:45:18.548809"
}