Modalities,Best Overall,Accuracy (Mean),Accuracy (Std),Macro Avg F1-score (Mean),Macro Avg F1-score (Std),Weighted Avg F1-score (Mean),Weighted Avg F1-score (Std),I F1-score (Mean),P F1-score (Mean),R F1-score (Mean),Cohen's Kappa (Mean),Cohen's Kappa (Std)
metadata,YES,0.5805598856760894,0.0754528398382164,0.5395645487265102,0.0708542799990915,0.5821964224310089,0.0725634426276668,0.4629296153197809,0.6514172207638615,0.504346810095888,0.3330565519676887,0.0756901781950679
metadata+thermal_map,,0.408458961099978,0.042872885202764,0.3843332577394388,0.0470040104585618,0.3888482675279987,0.0647930328283072,0.4858556620950745,0.3227548139126937,0.3443892972105481,0.2825195087459594,0.0939344700263412
metadata+depth_rgb+thermal_map,,0.4881351197073772,0.0351914840221274,0.4572455740011696,0.0425915296359847,0.4967491860620551,0.035966342167434,0.4530974629235499,0.5395671521422896,0.3790721069376693,0.2796746654308069,0.0774696919789905
depth_rgb+thermal_map,,0.4599819838268875,0.0429599766346502,0.4164537389424184,0.0220522579653422,0.4577717557142914,0.0416881403780762,0.4432626851710134,0.4981772165993156,0.3079213150569261,0.2384945397581181,0.0400713236172916
