{
  "thermal_map": {
    "modality": "thermal_map",
    "macro_f1": 0.3625192295961347,
    "weighted_f1": 0.4465313621976562,
    "kappa": 0.0811259562565392,
    "f1_I": 0.3603500950296533,
    "f1_P": 0.5112322358548907,
    "f1_R": 0.2159753579038603,
    "min_f1": 0.2159753579038603
  }
}