{
  "timestamp": "2026-02-17T18:51:39.150630",
  "source_log": "phase2_optimization_20260217_132448.log",
  "completed_evaluations": 3,
  "total_planned_evaluations": 20,
  "best_thresholds": {
    "I": 14,
    "P": 15,
    "R": 27
  },
  "best_score": 0.17026196607362712,
  "best_metrics": {
    "accuracy": 0.6728666666666667,
    "macro_f1": 0.6421333333333333,
    "weighted_f1": 0.6766666666666666,
    "kappa": 0.518,
    "f1_per_class": {
      "I": 0.6533333333333333,
      "P": 0.6999999999999998,
      "R": 0.5533333333333333
    },
    "min_f1": 0.5533333333333333
  },
  "phase1_baseline": {
    "modality": "metadata+depth_rgb+thermal_rgb+thermal_map",
    "accuracy": 0.5756448412698413,
    "accuracy_std": 0.0310876198210002,
    "macro_f1": 0.5371867811639705,
    "macro_f1_std": 0.0313818596303716,
    "weighted_f1": 0.576022121636773,
    "weighted_f1_std": 0.0291517862854655,
    "kappa": 0.3612504060725328,
    "kappa_std": 0.0477749482066033,
    "f1_I": 0.4461602789740269,
    "f1_P": 0.642795010863685,
    "f1_R": 0.5226050536541995,
    "min_f1": 0.4461602789740269,
    "best_overall": true
  },
  "original_dataset_size": 648,
  "optimization_history": [
    {
      "evaluation": 1,
      "thresholds": {
        "I": 11,
        "P": 23,
        "R": 28
      },
      "metrics": {
        "accuracy": 0.7660666666666667,
        "macro_f1": 0.6731333333333334,
        "weighted_f1": 0.7166666666666667,
        "kappa": 0.5649666666666667,
        "f1_per_class": {
          "I": 0.7266666666666667,
          "P": 0.77,
          "R": 0.43
        },
        "min_f1": 0.43
      },
      "score": 0.1239085121108201,
      "filtered_size": 483,
      "rejected": false,
      "reconstructed_from_log": true
    },
    {
      "evaluation": 2,
      "thresholds": {
        "I": 16,
        "P": 18,
        "R": 27
      },
      "metrics": {
        "accuracy": 0.6688000000000001,
        "macro_f1": 0.6386333333333334,
        "weighted_f1": 0.6900000000000001,
        "kappa": 0.5196999999999999,
        "f1_per_class": {
          "I": 0.6833333333333332,
          "P": 0.7266666666666666,
          "R": 0.5333333333333333
        },
        "min_f1": 0.5333333333333333
      },
      "score": 0.1680915957032567,
      "filtered_size": 433,
      "rejected": false,
      "reconstructed_from_log": true
    },
    {
      "evaluation": 3,
      "thresholds": {
        "I": 14,
        "P": 15,
        "R": 27
      },
      "metrics": {
        "accuracy": 0.6728666666666667,
        "macro_f1": 0.6421333333333333,
        "weighted_f1": 0.6766666666666666,
        "kappa": 0.518,
        "f1_per_class": {
          "I": 0.6533333333333333,
          "P": 0.6999999999999998,
          "R": 0.5533333333333333
        },
        "min_f1": 0.5533333333333333
      },
      "score": 0.17026196607362712,
      "filtered_size": 403,
      "rejected": false,
      "reconstructed_from_log": true
    }
  ],
  "note": "Reconstructed from log file. Scores are approximate (penalties computed from log data).",
  "log_file": "/workspace/DFUMultiClassification/results/misclassifications_saved/phase2_optimization_20260217_132448.log"
}