{
  "timestamp": "2026-02-27T20:18:58.727447",
  "completed_evaluations": 1,
  "total_planned_evaluations": 30,
  "best_thresholds": {
    "P": 16,
    "I": 9,
    "R": 15
  },
  "best_score": -1.2142091873366614,
  "best_metrics": {
    "f1_per_class": {
      "I": 0.4483356095033475,
      "P": 0.4644839812184355,
      "R": 0.1627280866411301
    },
    "macro_f1": 0.3585158924543044,
    "weighted_f1": 0.4285514340723463,
    "kappa": 0.3029691664567373,
    "accuracy": 0.4345215861336925
  },
  "phase1_baseline": {
    "modality": "metadata+depth_rgb+thermal_rgb+thermal_map",
    "accuracy": 0.5756448412698413,
    "accuracy_std": 0.0310876198210002,
    "macro_f1": 0.5371867811639705,
    "macro_f1_std": 0.0313818596303716,
    "weighted_f1": 0.576022121636773,
    "weighted_f1_std": 0.0291517862854655,
    "kappa": 0.3612504060725328,
    "kappa_std": 0.0477749482066033,
    "f1_I": 0.4461602789740269,
    "f1_P": 0.642795010863685,
    "f1_R": 0.5226050536541995,
    "min_f1": 0.4461602789740269,
    "best_overall": true
  },
  "original_dataset_size": 648,
  "optimization_history": [
    {
      "evaluation": 1,
      "thresholds": {
        "P": 16,
        "I": 9,
        "R": 15
      },
      "metrics": {
        "f1_per_class": {
          "I": 0.4483356095033475,
          "P": 0.4644839812184355,
          "R": 0.1627280866411301
        },
        "macro_f1": 0.3585158924543044,
        "weighted_f1": 0.4285514340723463,
        "kappa": 0.3029691664567373,
        "accuracy": 0.4345215861336925
      },
      "score": -1.2142091873366614,
      "filtered_size": 547,
      "rejected": false
    }
  ],
  "log_file": "/workspace/DFUMultiClassification/results/misclassifications_saved/phase2_optimization_20260227_164855.log"
}