{
  "timestamp": "2026-03-02T07:45:18.547991",
  "completed_evaluations": 22,
  "total_planned_evaluations": 30,
  "best_thresholds": {
    "P": 15,
    "I": 13,
    "R": 11
  },
  "best_score": -0.10487568402139787,
  "best_metrics": {
    "f1_per_class": {
      "I": 0.3807600096119598,
      "P": 0.6954911420047081,
      "R": 0.3574131347842688
    },
    "macro_f1": 0.4778880954669789,
    "weighted_f1": 0.5563843285241498,
    "kappa": 0.2741536825663164,
    "accuracy": 0.5815036143203139
  },
  "phase1_baseline": {
    "modality": "metadata+depth_rgb+thermal_rgb+thermal_map",
    "accuracy": 0.5756448412698413,
    "accuracy_std": 0.0310876198210002,
    "macro_f1": 0.5371867811639705,
    "macro_f1_std": 0.0313818596303716,
    "weighted_f1": 0.576022121636773,
    "weighted_f1_std": 0.0291517862854655,
    "kappa": 0.3612504060725328,
    "kappa_std": 0.0477749482066033,
    "f1_I": 0.4461602789740269,
    "f1_P": 0.642795010863685,
    "f1_R": 0.5226050536541995,
    "min_f1": 0.4461602789740269,
    "best_overall": true
  },
  "original_dataset_size": 648,
  "optimization_history": [
    {
      "evaluation": 1,
      "thresholds": {
        "P": 16,
        "I": 9,
        "R": 15
      },
      "metrics": {
        "f1_per_class": {
          "I": 0.3288590793044448,
          "P": 0.615394112891053,
          "R": 0.1783197699120828
        },
        "macro_f1": 0.3741909873691935,
        "weighted_f1": 0.5263749894259823,
        "kappa": 0.2002279608462893,
        "accuracy": 0.5377121485630114
      },
      "score": -1.087778454925829,
      "filtered_size": 547,
      "rejected": false
    },
    {
      "evaluation": 2,
      "thresholds": {
        "P": 16,
        "I": 12,
        "R": 11
      },
      "metrics": {
        "f1_per_class": {
          "I": 0.3884426029209004,
          "P": 0.6761889149328598,
          "R": 0.2428958011432238
        },
        "macro_f1": 0.4358424396656613,
        "weighted_f1": 0.568122541947128,
        "kappa": 0.2897825701305007,
        "accuracy": 0.5799642973458841
      },
      "score": -0.8577141678905734,
      "filtered_size": 555,
      "rejected": false
    },
    {
      "evaluation": 3,
      "thresholds": {
        "P": 15,
        "I": 11,
        "R": 12
      },
      "metrics": {
        "f1_per_class": {
          "I": 0.3760509939955274,
          "P": 0.7006288129619773,
          "R": 0.2963942307692307
        },
        "macro_f1": 0.4576913459089118,
        "weighted_f1": 0.5508352285396939,
        "kappa": 0.2657743528172848,
        "accuracy": 0.5893083385240296
      },
      "score": -0.18852687512446953,
      "filtered_size": 395,
      "rejected": false
    },
    {
      "evaluation": 4,
      "thresholds": {
        "P": 16,
        "I": 8,
        "R": 15
      },
      "metrics": {
        "f1_per_class": {
          "I": 0.3224598295217596,
          "P": 0.6604822381398887,
          "R": 0.2182868004088934
        },
        "macro_f1": 0.4004096226901806,
        "weighted_f1": 0.5603790505592473,
        "kappa": 0.2495019604265661,
        "accuracy": 0.5480003694626053
      },
      "score": -0.7384248689542852,
      "filtered_size": 540,
      "rejected": false
    },
    {
      "evaluation": 5,
      "thresholds": {
        "P": 16,
        "I": 8,
        "R": 16
      },
      "metrics": {
        "f1_per_class": {
          "I": 0.343725629355017,
          "P": 0.5916495895933406,
          "R": 0.2237812713602187
        },
        "macro_f1": 0.3863854967695254,
        "weighted_f1": 0.5131895932911418,
        "kappa": 0.2171902571166848,
        "accuracy": 0.5177726610769549
      },
      "score": -0.44456029698687394,
      "filtered_size": 551,
      "rejected": false
    },
    {
      "evaluation": 6,
      "thresholds": {
        "P": 16,
        "I": 13,
        "R": 11
      },
      "metrics": {
        "f1_per_class": {
          "I": 0.3919323704239211,
          "P": 0.4711051041568397,
          "R": 0.1478658536585366
        },
        "macro_f1": 0.3369677760797658,
        "weighted_f1": 0.4306855086964903,
        "kappa": 0.1924593548607904,
        "accuracy": 0.4288631883204277
      },
      "score": -1.716007186908077,
      "filtered_size": 560,
      "rejected": false
    },
    {
      "evaluation": 7,
      "thresholds": {
        "P": 15,
        "I": 12,
        "R": 13
      },
      "metrics": {
        "f1_per_class": {
          "I": 0.3660752249432855,
          "P": 0.7178944562882392,
          "R": 0.2247642551630412
        },
        "macro_f1": 0.4362446454648553,
        "weighted_f1": 0.5570428506268981,
        "kappa": 0.2697372278126296,
        "accuracy": 0.6153769246026988
      },
      "score": -0.4295147456277317,
      "filtered_size": 404,
      "rejected": false
    },
    {
      "evaluation": 8,
      "thresholds": {
        "P": 15,
        "I": 16,
        "R": 12
      },
      "metrics": {
        "f1_per_class": {
          "I": 0.3006120901902021,
          "P": 0.6299803405997219,
          "R": 0.2665140599136982
        },
        "macro_f1": 0.3990354969012074,
        "weighted_f1": 0.4576019054214834,
        "kappa": 0.1696519862181172,
        "accuracy": 0.5071612266370369
      },
      "score": -0.2601800259979536,
      "filtered_size": 477,
      "rejected": false
    },
    {
      "evaluation": 9,
      "thresholds": {
        "P": 15,
        "I": 13,
        "R": 13
      },
      "metrics": {
        "f1_per_class": {
          "I": 0.4079382294270358,
          "P": 0.670558383318325,
          "R": 0.3157484407484408
        },
        "macro_f1": 0.4647483511646005,
        "weighted_f1": 0.5511034090803104,
        "kappa": 0.2869366707791729,
        "accuracy": 0.5697504705305851
      },
      "score": -0.15442374075293622,
      "filtered_size": 409,
      "rejected": false
    },
    {
      "evaluation": 10,
      "thresholds": {
        "P": 16,
        "I": 12,
        "R": 15
      },
      "metrics": {
        "f1_per_class": {
          "I": 0.3682872008696407,
          "P": 0.6637778948299345,
          "R": 0.2048776219347916
        },
        "macro_f1": 0.4123142392114555,
        "weighted_f1": 0.5855088319337607,
        "kappa": 0.2521831541819963,
        "accuracy": 0.5928934227833764
      },
      "score": -0.8334815211545255,
      "filtered_size": 563,
      "rejected": false
    },
    {
      "evaluation": 11,
      "thresholds": {
        "P": 15,
        "I": 16,
        "R": 16
      },
      "metrics": {
        "f1_per_class": {
          "I": 0.243475801960518,
          "P": 0.5744090899777594,
          "R": 0.2014224751066856
        },
        "macro_f1": 0.339769122348321,
        "weighted_f1": 0.3807128678536748,
        "kappa": 0.1300770623797195,
        "accuracy": 0.4535336683480124
      },
      "score": -0.6631673381357921,
      "filtered_size": 494,
      "rejected": false
    },
    {
      "evaluation": 12,
      "thresholds": {
        "P": 15,
        "I": 8,
        "R": 11
      },
      "score": -5.83333333333333,
      "filtered_size": 378,
      "rejected": true,
      "rejection_reason": "Below 60% retention floor"
    },
    {
      "evaluation": 13,
      "thresholds": {
        "P": 15,
        "I": 8,
        "R": 12
      },
      "score": -5.679012345679009,
      "filtered_size": 380,
      "rejected": true,
      "rejection_reason": "Below 60% retention floor"
    },
    {
      "evaluation": 14,
      "thresholds": {
        "P": 16,
        "I": 16,
        "R": 16
      },
      "metrics": {
        "f1_per_class": {
          "I": 0.3834618264146597,
          "P": 0.619181008125872,
          "R": 0.2282608695652174
        },
        "macro_f1": 0.4103012347019164,
        "weighted_f1": 0.5074573995480592,
        "kappa": 0.215494318227354,
        "accuracy": 0.5337405156413862
      },
      "score": -0.3893551593038481,
      "filtered_size": 648,