{
  "thermal_map": {
    "modality": "thermal_map",
    "macro_f1": 0.3420366135310024,
    "weighted_f1": 0.3887059733444907,
    "kappa": 0.1014764977624681,
    "min_f1": 0.2280701754385964
  }
}