{
  "metadata": {
    "modality": "metadata",
    "macro_f1": 0.2442890606453108,
    "weighted_f1": 0.304131890174779,
    "kappa": 0.0580975832043147,
    "f1_I": 0.2004531833165336,
    "f1_P": 0.3723931476157235,
    "f1_R": 0.1600208510036754,
    "min_f1": 0.1600208510036754
  },
  "depth_rgb": {
    "modality": "depth_rgb",
    "macro_f1": 0.2981195589326693,
    "weighted_f1": 0.4258088333532198,
    "kappa": 0.0273367797459709,
    "f1_I": 0.1909383296878999,
    "f1_P": 0.581453324084206,
    "f1_R": 0.1219670230259021,
    "min_f1": 0.1219670230259021
  },
  "depth_map": {
    "modality": "depth_map",
    "macro_f1": 0.3525927643645808,
    "weighted_f1": 0.4576137234657494,
    "kappa": 0.0632489277288014,
    "f1_I": 0.3484642197270492,
    "f1_P": 0.5620031225163211,
    "f1_R": 0.1473109508503722,
    "min_f1": 0.1473109508503722
  },
  "thermal_map": {
    "modality": "thermal_map",
    "macro_f1": 0.3399563445734473,
    "weighted_f1": 0.4512343711477636,
    "kappa": 0.04475914202723,
    "f1_I": 0.287054530429653,
    "f1_P": 0.5858151901820604,
    "f1_R": 0.1469993131086284,
    "min_f1": 0.1469993131086284
  }
}