{
  "metadata+depth_rgb+thermal_map": {
    "modality": "metadata+depth_rgb+thermal_map",
    "accuracy": 0.5150071393013542,
    "accuracy_std": 0.017284457932383,
    "macro_f1": 0.4763916298912891,
    "macro_f1_std": 0.0299539513862672,
    "weighted_f1": 0.5213360753593961,
    "weighted_f1_std": 0.0210205047783161,
    "kappa": 0.3470747012086488,
    "kappa_std": 0.0712594291348041,
    "f1_I": 0.4964533481689023,
    "f1_P": 0.5351196321900543,
    "f1_R": 0.3976019093149107,
    "min_f1": 0.3976019093149107
  },
  "metadata+thermal_map": {
    "modality": "metadata+thermal_map",
    "accuracy": 0.4645767987623115,
    "accuracy_std": 0.0370653886857492,
    "macro_f1": 0.4461334303101981,
    "macro_f1_std": 0.0347735046275196,
    "weighted_f1": 0.4690857230770546,
    "weighted_f1_std": 0.0376859381443124,
    "kappa": 0.3410086877997645,
    "kappa_std": 0.0631973701645952,
    "f1_I": 0.5030068779516749,
    "f1_P": 0.4580764458035327,
    "f1_R": 0.3773169671753869,
    "min_f1": 0.3773169671753869
  },
  "metadata+depth_rgb": {
    "modality": "metadata+depth_rgb",
    "accuracy": 0.5077072239677556,
    "accuracy_std": 0.0561570443597772,
    "macro_f1": 0.4863933032355597,
    "macro_f1_std": 0.0266174320294452,
    "weighted_f1": 0.5074595534725923,
    "weighted_f1_std": 0.0608846479300635,
    "kappa": 0.3498029166499686,
    "kappa_std": 0.0289381812666363,
    "f1_I": 0.5007564275301039,
    "f1_P": 0.5195299929539088,
    "f1_R": 0.4388934892226666,
    "min_f1": 0.4388934892226666,
    "best_overall": true
  },
  "metadata": {
    "modality": "metadata",
    "accuracy": 0.5808899082572974,
    "accuracy_std": 0.0297869181145899,
    "macro_f1": 0.5370585973861832,
    "macro_f1_std": 0.0831222723629291,
    "weighted_f1": 0.589905955129493,
    "weighted_f1_std": 0.0260730265566988,
    "kappa": 0.3275536307835638,
    "kappa_std": 0.1405521075887806,
    "f1_I": 0.4183488476118776,
    "f1_P": 0.6609610319752459,
    "f1_R": 0.5318659125714258,
    "min_f1": 0.4183488476118776
  }
}