Modalities,Best Overall,Accuracy (Mean),Accuracy (Std),Macro Avg F1-score (Mean),Macro Avg F1-score (Std),Weighted Avg F1-score (Mean),Weighted Avg F1-score (Std),I F1-score (Mean),P F1-score (Mean),R F1-score (Mean),Cohen's Kappa (Mean),Cohen's Kappa (Std)
metadata+depth_rgb+thermal_rgb+thermal_map,YES,0.5756448412698413,0.0310876198210002,0.5371867811639705,0.0313818596303716,0.576022121636773,0.0291517862854655,0.4461602789740269,0.642795010863685,0.5226050536541995,0.3612504060725328,0.0477749482066033
metadata+depth_rgb+thermal_rgb,,0.5539421528551963,0.0194559917803417,0.5121423042942014,0.022065378667637,0.5612423198806382,0.0163328342462,0.4815558169531126,0.6216218994331943,0.4332491964962973,0.3401736017217631,0.0600261144079645
metadata+depth_rgb,,0.5828486931747802,0.0177757186281019,0.5254182949265651,0.025714506482014,0.5868463604047337,0.0167818174696642,0.4517541716028946,0.6695919237903992,0.4549087893864013,0.3209836104045913,0.0660684913627582
