{
  "timestamp": "2026-03-19T01:44:11.715945",
  "completed_evaluations": 17,
  "total_planned_evaluations": 20,
  "best_thresholds": {
    "P": 72,
    "I": 78,
    "R": 81
  },
  "best_score": 0.24557895907349608,
  "best_metrics": {
    "f1_per_class": {
      "I": 0.7243371506392636,
      "P": 0.6828660378107405,
      "R": 0.5967194103544469
    },
    "macro_f1": 0.6679741996014836,
    "weighted_f1": 0.6867738298857572,
    "kappa": 0.6372798247722885,
    "accuracy": 0.6883815004785747
  },
  "phase1_baseline": {
    "modality": "metadata+depth_rgb",
    "accuracy": 0.5077072239677556,
    "accuracy_std": 0.0561570443597772,
    "macro_f1": 0.4863933032355597,
    "macro_f1_std": 0.0266174320294452,
    "weighted_f1": 0.5074595534725923,
    "weighted_f1_std": 0.0608846479300635,
    "kappa": 0.3498029166499686,
    "kappa_std": 0.0289381812666363,
    "f1_I": 0.5007564275301039,
    "f1_P": 0.5195299929539088,
    "f1_R": 0.4388934892226666,
    "min_f1": 0.4388934892226666,
    "best_overall": true
  },
  "original_dataset_size": 648,
  "optimization_history": [
    {
      "evaluation": 1,
      "thresholds": {
        "P": 95,
        "I": 62,
        "R": 94
      },
      "metrics": {
        "f1_per_class": {
          "I": 0.5550396825396825,
          "P": 0.7327737008168163,
          "R": 0.491743119266055
        },
        "macro_f1": 0.5931855008741846,
        "weighted_f1": 0.6773819021284608,
        "kappa": 0.5046567057356008,
        "accuracy": 0.6662314377808554
      },
      "score": 0.1682217094821071,
      "filtered_size": 526,
      "rejected": false
    },
    {
      "evaluation": 2,
      "thresholds": {
        "P": 89,
        "I": 74,
        "R": 70
      },
      "metrics": {
        "f1_per_class": {
          "I": 0.6278808902129096,
          "P": 0.7483807721032627,
          "R": 0.5773041360725852
        },
        "macro_f1": 0.6511885994629192,
        "weighted_f1": 0.6985800808649543,
        "kappa": 0.5789119100883044,
        "accuracy": 0.6943994883947303
      },
      "score": 0.22562506100311222,
      "filtered_size": 492,
      "rejected": false
    },
    {
      "evaluation": 3,
      "thresholds": {
        "P": 85,
        "I": 69,
        "R": 72
      },
      "metrics": {
        "f1_per_class": {
          "I": 0.6689718300701404,
          "P": 0.7512446036495408,
          "R": 0.5547030339545931
        },
        "macro_f1": 0.6583064892247581,
        "weighted_f1": 0.7237811038625235,
        "kappa": 0.6058100800225992,
        "accuracy": 0.7152272748058749
      },
      "score": 0.23144513355648588,
      "filtered_size": 470,
      "rejected": false
    },
    {
      "evaluation": 4,
      "thresholds": {
        "P": 91,
        "I": 56,
        "R": 92
      },
      "metrics": {
        "f1_per_class": {
          "I": 0.5910771761813759,
          "P": 0.7687279045726323,
          "R": 0.5551828918701984
        },
        "macro_f1": 0.6383293242080688,
        "weighted_f1": 0.7129351953723048,
        "kappa": 0.5623346126533046,
        "accuracy": 0.7023184902888456
      },
      "score": 0.21696895707374336,
      "filtered_size": 491,
      "rejected": false
    },
    {
      "evaluation": 5,
      "thresholds": {
        "P": 99,
        "I": 53,
        "R": 101
      },
      "metrics": {
        "f1_per_class": {
          "I": 0.5410086262167045,
          "P": 0.7254512743307133,
          "R": 0.4506179631460855
        },
        "macro_f1": 0.5723592878978345,
        "weighted_f1": 0.6678620050586072,
        "kappa": 0.478106049858937,
        "accuracy": 0.6519962349153707
      },
      "score": 0.11815338957603437,
      "filtered_size": 538,
      "rejected": false
    },
    {
      "evaluation": 6,
      "thresholds": {
        "P": 90,
        "I": 82,
        "R": 67
      },
      "metrics": {
        "f1_per_class": {
          "I": 0.613786356334048,
          "P": 0.7085164476895465,
          "R": 0.5271606392646716
        },
        "macro_f1": 0.6164878144294219,
        "weighted_f1": 0.6793921922491715,
        "kappa": 0.5428046646766267,
        "accuracy": 0.6674712172555552
      },
      "score": 0.052833511489424584,
      "filtered_size": 518,
      "rejected": false
    },
    {
      "evaluation": 7,
      "thresholds": {
        "P": 72,
        "I": 78,
        "R": 81
      },
      "metrics": {
        "f1_per_class": {
          "I": 0.7243371506392636,
          "P": 0.6828660378107405,
          "R": 0.5967194103544469
        },
        "macro_f1": 0.6679741996014836,
        "weighted_f1": 0.6867738298857572,
        "kappa": 0.6372798247722885,
        "accuracy": 0.6883815004785747
      },
      "score": 0.24557895907349608,
      "filtered_size": 407,
      "rejected": false
    },
    {
      "evaluation": 8,
      "thresholds": {
        "P": 72,
        "I": 100,
        "R": 75
      },
      "metrics": {
        "f1_per_class": {
          "I": 0.7041688265709234,
          "P": 0.5912097717748453,
          "R": 0.552300911889953
        },
        "macro_f1": 0.6158931700785739,
        "weighted_f1": 0.640217431276532,
        "kappa": 0.5325369505629454,
        "accuracy": 0.6488348259639759
      },
      "score": 0.19570970101916413,
      "filtered_size": 458,
      "rejected": false
    },
    {
      "evaluation": 9,
      "thresholds": {
        "P": 74,
        "I": 83,
        "R": 80
      },
      "metrics": {
        "f1_per_class": {
          "I": 0.6709213055140755,
          "P": 0.7047829892732194,
          "R": 0.5831768986201733
        },
        "macro_f1": 0.6529603978024894,
        "weighted_f1": 0.6805158515874257,
        "kappa": 0.5539821978682012,
        "accuracy": 0.6806067778073829
      },
      "score": 0.2197579558518652,
      "filtered_size": 435,
      "rejected": false
    },
    {
      "evaluation": 10,
      "thresholds": {
        "P": 100,
        "I": 75,
        "R": 96
      },
      "metrics": {
        "f1_per_class": {
          "I": 0.5323293148505147,
          "P": 0.6697185571674354,
          "R": 0.4502690035472756
        },
        "macro_f1": 0.5507722918550753,
        "weighted_f1": 0.621203408491144,
        "kappa": 0.4569570782912138,
        "accuracy": 0.6081142806986206
      },
      "score": 0.08306506678414767,
      "filtered_size": 576,
      "rejected": false
    },
    {
      "evaluation": 11,
      "thresholds": {
        "P": 75,
        "I": 79,
        "R": 84
      },
      "metrics": {
        "f1_per_class": {
          "I": 0.6713485559002632,
          "P": 0.7161221243690696,
          "R": 0.5495670995670996
        },
        "macro_f1": 0.6456792599454775,
        "weighted_f1": 0.6866659569454916,
        "kappa": 0.5405988168104381,
        "accuracy": 0.6846698065181869
      },
      "score": 0.2050153405227827,
      "filtered_size": 443,
      "rejected": false
    },
    {
      "evaluation": 12,
      "thresholds": {
        "P": 75,
        "I": 77,
        "R": 79
      },
      "metrics": {
        "f1_per_class": {
          "I": 0.6432773102678084,
          "P": 0.7232998499738565,
          "R": 0.5839700307983889
        },
        "macro_f1": 0.6501823970133513,
        "weighted_f1": 0.6884313128452108,
        "kappa": 0.5747236040646502,
        "accuracy": 0.6840872314349498
      },
      "score": 0.22451758875355243,
      "filtered_size": 437,
      "rejected": false
    },
    {
      "evaluation": 13,
      "thresholds": {
        "P": 101,
        "I": 53,
        "R": 82
      },
      "metrics": {
        "f1_per_class": {
          "I": 0.4832384606433374,
          "P": 0.743842771871236,
          "R": 0.496364067416699
        },
        "macro_f1": 0.5744817666437574,
        "weighted_f1": 0.6845857772234953,
        "kappa": 0.4810969402586012,
        "accuracy": 0.6607050285113947
      },
      "score": -0.22485357414713475,
      "filtered_size": 534,