{
  "metadata": {
    "modality": "metadata",
    "macro_f1": 0.2449955964210964,
    "weighted_f1": 0.1857554079168324,
    "kappa": 0.1022551641864046,
    "f1_I": 0.4519825720252199,
    "f1_P": 0.0465561451862821,
    "f1_R": 0.2364480720517872,
    "min_f1": 0.0465561451862821
  }
}