{
  "metadata": {
    "modality": "metadata",
    "accuracy": 0.5805598856760894,
    "accuracy_std": 0.0754528398382164,
    "macro_f1": 0.5395645487265102,
    "macro_f1_std": 0.0708542799990915,
    "weighted_f1": 0.5821964224310089,
    "weighted_f1_std": 0.0725634426276668,
    "kappa": 0.3330565519676887,
    "kappa_std": 0.0756901781950679,
    "f1_I": 0.4629296153197809,
    "f1_P": 0.6514172207638615,
    "f1_R": 0.504346810095888,
    "min_f1": 0.4629296153197809,
    "best_overall": true
  },
  "metadata+depth_rgb+thermal_map": {
    "modality": "metadata+depth_rgb+thermal_map",
    "accuracy": 0.4881351197073772,
    "accuracy_std": 0.0351914840221274,
    "macro_f1": 0.4572455740011696,
    "macro_f1_std": 0.0425915296359847,
    "weighted_f1": 0.4967491860620551,
    "weighted_f1_std": 0.035966342167434,
    "kappa": 0.2796746654308069,
    "kappa_std": 0.0774696919789905,
    "f1_I": 0.4530974629235499,
    "f1_P": 0.5395671521422896,
    "f1_R": 0.3790721069376693,
    "min_f1": 0.3790721069376693
  },
  "depth_rgb+thermal_map": {
    "modality": "depth_rgb+thermal_map",
    "accuracy": 0.4599819838268875,
    "accuracy_std": 0.0429599766346502,
    "macro_f1": 0.4164537389424184,
    "macro_f1_std": 0.0220522579653422,
    "weighted_f1": 0.4577717557142914,
    "weighted_f1_std": 0.0416881403780762,
    "kappa": 0.2384945397581181,
    "kappa_std": 0.0400713236172916,
    "f1_I": 0.4432626851710134,
    "f1_P": 0.4981772165993156,
    "f1_R": 0.3079213150569261,
    "min_f1": 0.3079213150569261
  },
  "metadata+thermal_map": {
    "modality": "metadata+thermal_map",
    "accuracy": 0.408458961099978,
    "accuracy_std": 0.042872885202764,
    "macro_f1": 0.3843332577394388,
    "macro_f1_std": 0.0470040104585618,
    "weighted_f1": 0.3888482675279987,
    "weighted_f1_std": 0.0647930328283072,
    "kappa": 0.2825195087459594,
    "kappa_std": 0.0939344700263412,
    "f1_I": 0.4858556620950745,
    "f1_P": 0.3227548139126937,
    "f1_R": 0.3443892972105481,
    "min_f1": 0.3227548139126937
  }
}