Modalities,Best Overall,Accuracy (Mean),Accuracy (Std),Macro Avg F1-score (Mean),Macro Avg F1-score (Std),Weighted Avg F1-score (Mean),Weighted Avg F1-score (Std),I F1-score (Mean),P F1-score (Mean),R F1-score (Mean),Cohen's Kappa (Mean),Cohen's Kappa (Std)
metadata+depth_rgb,YES,0.5077072239677556,0.0561570443597772,0.4863933032355597,0.0266174320294452,0.5074595534725923,0.0608846479300635,0.5007564275301039,0.5195299929539088,0.4388934892226666,0.3498029166499686,0.0289381812666363
metadata+depth_rgb+thermal_map,,0.5150071393013542,0.017284457932383,0.4763916298912891,0.0299539513862672,0.5213360753593961,0.0210205047783161,0.4964533481689023,0.5351196321900543,0.3976019093149107,0.3470747012086488,0.0712594291348041
metadata+thermal_map,,0.4645767987623115,0.0370653886857492,0.4461334303101981,0.0347735046275196,0.4690857230770546,0.0376859381443124,0.5030068779516749,0.4580764458035327,0.3773169671753869,0.3410086877997645,0.0631973701645952
metadata,,0.5808899082572974,0.0297869181145899,0.5370585973861832,0.0831222723629291,0.589905955129493,0.0260730265566988,0.4183488476118776,0.6609610319752459,0.5318659125714258,0.3275536307835638,0.1405521075887806
