{
  "checkpoint_history": [
    {
      "epoch": 1,
      "path": "agent_communication/generative_augmentation/checkpoints/full_sdxl/checkpoint_epoch_0001.pt",
      "metrics": {
        "train_loss": 0.11483585784856795,
        "val_loss": 0.11149766999457417,
        "fid": 421.15997314453125,
        "ssim_mean": 0.2921890654414892,
        "ssim_std": 0.1067069295013331,
        "lpips_mean": 0.9912556862831116,
        "lpips_std": 0.038628741464757456,
        "is_mean": 3.442769765853882,
        "is_std": 0.4261340796947479,
        "ssim_I": 0.2742743577589007,
        "lpips_I": 1.00133579268175,
        "ssim_P": 0.29175738289075737,
        "lpips_P": 1.0062841457479141,
        "ssim_R": 0.2744426652789116,
        "lpips_R": 1.066625952720642
      },
      "timestamp": "2026-01-22T22:05:15.973136"
    }
  ],
  "best_checkpoint": null,
  "best_score": Infinity,
  "monitor_metric": "val_fid",
  "monitor_mode": "min"
}