{
  "checkpoint_history": [
    {
      "epoch": 1,
      "path": "agent_communication/generative_augmentation/checkpoints/full_sdxl/checkpoint_epoch_0001.pt",
      "metrics": {
        "train_loss": 0.1210234168457327,
        "val_loss": 0.0546582436396016,
        "fid": 418.2554016113281,
        "ssim_mean": 0.2884985148906708,
        "ssim_std": 0.11730636620370251,
        "lpips_mean": 0.9924903905391693,
        "lpips_std": 0.04259330211773069,
        "is_mean": 3.3683922290802,
        "is_std": 0.33145672082901,
        "ssim_I": 0.319345284910763,
        "lpips_I": 0.9821815315414878,
        "ssim_P": 0.24955650287515976,
        "lpips_P": 1.0269772690885208,
        "ssim_R": 0.2536867232993245,
        "lpips_R": 1.0685463845729828
      },
      "timestamp": "2026-01-23T11:03:45.808605"
    }
  ],
  "best_checkpoint": null,
  "best_score": Infinity,
  "monitor_metric": "val_fid",
  "monitor_mode": "min"
}