run,accuracy,f1_macro,f1_weighted,kappa
1,0.2631578947368421,0.1388888888888889,0.10964912280701755,0.0
