config,modalities,accuracy,f1_macro,f1_weighted,I_f1,P_f1,R_f1,kappa
test_1,depth_rgb,0.5254237288135594,0.23220973782771537,0.36602551894877167,0.0,0.6966292134831461,0.0,-0.0517538815411156
test_2,depth_map,0.3728813559322034,0.19804852320675104,0.22206876206822568,0.5316455696202531,0.0625,0.0,0.008115942028985468
