config,modalities,accuracy,f1_macro,f1_weighted,I_f1,P_f1,R_f1,kappa
test,metadata,0.6052631578947368,0.35353535353535354,0.5661881977671451,0.3333333333333333,0.7272727272727273,0.0,0.1690962099125365
