{"completed_combinations": [[0]], "best_metrics": {"accuracy": 0.2631578947368421, "weighted_accuracy": 0.36596956849098206, "loss": 1.4288570880889893, "kappa": 0.0}, "best_combination": [0]}