{
  "thermal_map": {
    "modality": "thermal_map",
    "macro_f1": 0.3484011875834513,
    "weighted_f1": 0.4219416546702934,
    "kappa": 0.0785096267167677,
    "min_f1": 0.2512560295925867
  }
}